<?xml version="1.0" ?>
<ModelParameters>


    <!-- define number of parameters -->
    <NumberParameters>37</NumberParameters>


    <!-- ============================================================================================================================================= -->
    <!-- first input file -->


    <!-- define min. number of transitions used for SQL query -->
    <Parameter fit="false">
        <name>MinNumTransitionsSQL</name>
        <value>1</value>
        <error> </error>
        <lowlimit>0</lowlimit>
        <uplimit>1</uplimit>
    </Parameter>


    <!-- define max. number of transitions used for SQL query -->
    <Parameter fit="false">
        <name>MaxNumTransitionsSQL</name>
        <value>0</value>
        <error> </error>
        <lowlimit>0</lowlimit>
        <uplimit>1</uplimit>
    </Parameter>


    <!-- define highest lower energy of a transition used for SQL query -->
    <Parameter fit="false">
        <name>MaxElowSQL</name>
        <value>699892.916384</value>
        <error> </error>
        <lowlimit>0</lowlimit>
        <uplimit>1</uplimit>
    </Parameter>


    <!-- define min. intensity of a transition used for SQL query -->
    <Parameter fit="false">
        <name>MingASQL</name>
        <value>0.0</value>
        <error> </error>
        <lowlimit>0</lowlimit>
        <uplimit>1</uplimit>
    </Parameter>


    <!-- define order of a transition used for SQL query -->
    <Parameter fit="false">
        <name>OrderTransSQL</name>
        <value>1</value>
        <error> </error>
        <lowlimit>0</lowlimit>
        <uplimit>1</uplimit>
    </Parameter>


    <!-- define number of molecules -->
    <Parameter fit="false">
        <name>Number_Molecules</name>
        <value>1</value>
        <error> </error>
        <lowlimit>0</lowlimit>
        <uplimit>1</uplimit>
    </Parameter>


    <!-- =========================================================== describe new molecule =========================================================== -->
    <!-- define Molecule_Name -->
    <Parameter fit="false">
        <name>Molecule_Name</name>
        <value>CH2DCN;v=0;#1</value>
        <error> </error>
        <lowlimit>0</lowlimit>
        <uplimit>1</uplimit>
    </Parameter>


    <!-- define Molecule_Inex -->
    <Parameter fit="false">
        <name>Molecule_Inex</name>
        <value>1</value>
        <error> </error>
        <lowlimit>0</lowlimit>
        <uplimit>1</uplimit>
    </Parameter>


    <!-- define Molecule_Name -->
    <Parameter fit="false">
        <name>Number_MolLine</name>
        <value>1</value>
        <error> </error>
        <lowlimit>0</lowlimit>
        <uplimit>1</uplimit>
    </Parameter>


    <!-- ***************************************************** define parameters for component 1 ***************************************************** -->


    <!-- define MolfitFileFormatVersion -->
    <Parameter fit="false">
        <name>MolfitFileFormatVersion</name>
        <value>NEW</value>
        <error> </error>
        <lowlimit>0</lowlimit>
        <uplimit>1</uplimit>
    </Parameter>


    <!-- define EmissionFlag -->
    <Parameter fit="false">
        <name>EmissionFlag</name>
        <value>E</value>
        <error> </error>
        <lowlimit>0</lowlimit>
        <uplimit>1</uplimit>
    </Parameter>


    <!-- define tdFlag -->
    <Parameter fit="false">
        <name>tdFlag</name>
        <value>F</value>
        <error> </error>
        <lowlimit>0</lowlimit>
        <uplimit>1</uplimit>
    </Parameter>


    <!-- define nHFlag -->
    <Parameter fit="false">
        <name>nHFlag</name>
        <value>F</value>
        <error> </error>
        <lowlimit>0</lowlimit>
        <uplimit>1</uplimit>
    </Parameter>


    <!-- define source_size_flag -->
    <Parameter fit="false">
        <name>source_size_flag</name>
        <value>y</value>
        <error> </error>
        <lowlimit>-1e99</lowlimit>
        <uplimit>1e99</uplimit>
    </Parameter>


    <!-- define source_size_uplimit -->
    <Parameter fit="false">
        <name>source_size_uplimit</name>
        <value>0.000</value>
        <error> </error>
        <lowlimit>-1e99</lowlimit>
        <uplimit>1e99</uplimit>
    </Parameter>


    <!-- define source_size_lowlimit -->
    <Parameter fit="false">
        <name>source_size_lowlimit</name>
        <value>0.8</value>
        <error> </error>
        <lowlimit>-1e99</lowlimit>
        <uplimit>1e99</uplimit>
    </Parameter>


    <!-- define source_size -->
    <Parameter fit="true">
        <name>source_size</name>
        <value>0.8</value>
        <error> </error>
        <lowlimit>0.0</lowlimit>
        <uplimit>0.8</uplimit>
    </Parameter>


    <!-- define T_rot_flag -->
    <Parameter fit="false">
        <name>T_rot_flag</name>
        <value>y</value>
        <error> </error>
        <lowlimit>-1e99</lowlimit>
        <uplimit>1e99</uplimit>
    </Parameter>


    <!-- define T_rot_uplimit -->
    <Parameter fit="false">
        <name>T_rot_uplimit</name>
        <value>50.000</value>
        <error> </error>
        <lowlimit>-1e99</lowlimit>
        <uplimit>1e99</uplimit>
    </Parameter>


    <!-- define T_rot_lowlimit -->
    <Parameter fit="false">
        <name>T_rot_lowlimit</name>
        <value>350.000</value>
        <error> </error>
        <lowlimit>-1e99</lowlimit>
        <uplimit>1e99</uplimit>
    </Parameter>


    <!-- define T_rot -->
    <Parameter fit="true">
        <name>T_rot</name>
        <value>100</value>
        <error> </error>
        <lowlimit>50.0</lowlimit>
        <uplimit>350.0</uplimit>
    </Parameter>


    <!-- define N_tot_flag -->
    <Parameter fit="false">
        <name>N_tot_flag</name>
        <value>y</value>
        <error> </error>
        <lowlimit>-1e99</lowlimit>
        <uplimit>1e99</uplimit>
    </Parameter>


    <!-- define N_tot_uplimit -->
    <Parameter fit="false">
        <name>N_tot_uplimit</name>
        <value>12.0</value>
        <error> </error>
        <lowlimit>-1e99</lowlimit>
        <uplimit>1e99</uplimit>
    </Parameter>


    <!-- define N_tot_lowlimit -->
    <Parameter fit="false">
        <name>N_tot_lowlimit</name>
        <value>21.3010299957</value>
        <error> </error>
        <lowlimit>-1e99</lowlimit>
        <uplimit>1e99</uplimit>
    </Parameter>


    <!-- define N_tot -->
    <Parameter fit="true">
        <name>N_tot</name>
        <value>20.8182258936</value>
        <error> </error>
        <lowlimit>12.0</lowlimit>
        <uplimit>21.3010299957</uplimit>
    </Parameter>


    <!-- define V_width_flag -->
    <Parameter fit="false">
        <name>V_width_flag</name>
        <value>y</value>
        <error> </error>
        <lowlimit>-1e99</lowlimit>
        <uplimit>1e99</uplimit>
    </Parameter>


    <!-- define V_width_uplimit -->
    <Parameter fit="false">
        <name>V_width_uplimit</name>
        <value>2.000</value>
        <error> </error>
        <lowlimit>-1e99</lowlimit>
        <uplimit>1e99</uplimit>
    </Parameter>


    <!-- define V_width_lowlimit -->
    <Parameter fit="false">
        <name>V_width_lowlimit</name>
        <value>10.000</value>
        <error> </error>
        <lowlimit>-1e99</lowlimit>
        <uplimit>1e99</uplimit>
    </Parameter>


    <!-- define V_width -->
    <Parameter fit="true">
        <name>V_width</name>
        <value>7.5</value>
        <error> </error>
        <lowlimit>2.0</lowlimit>
        <uplimit>10.0</uplimit>
    </Parameter>


    <!-- define V_off_flag -->
    <Parameter fit="false">
        <name>V_off_flag</name>
        <value>n</value>
        <error> </error>
        <lowlimit>-1e99</lowlimit>
        <uplimit>1e99</uplimit>
    </Parameter>


    <!-- define V_off_uplimit -->
    <Parameter fit="false">
        <name>V_off_uplimit</name>
        <value>0.000</value>
        <error> </error>
        <lowlimit>-1e99</lowlimit>
        <uplimit>1e99</uplimit>
    </Parameter>


    <!-- define V_off_lowlimit -->
    <Parameter fit="false">
        <name>V_off_lowlimit</name>
        <value>10.000</value>
        <error> </error>
        <lowlimit>-1e99</lowlimit>
        <uplimit>1e99</uplimit>
    </Parameter>


    <!-- define V_off -->
    <Parameter fit="false">
        <name>V_off</name>
        <value>0</value>
        <error> </error>
        <lowlimit>-1e99</lowlimit>
        <uplimit>1e99</uplimit>
    </Parameter>


    <!-- define CFFlag -->
    <Parameter fit="false">
        <name>CFFlag</name>
        <value>c</value>
        <error> </error>
        <lowlimit>-1e99</lowlimit>
        <uplimit>1e99</uplimit>
    </Parameter>


    <!-- ============================================================================================================================================= -->
    <!-- fourth input file -->


    <!-- define number of molecules with collision rates -->
    <Parameter fit="false">
        <name>Number_MolColRates</name>
        <value>0</value>
        <error> </error>
        <lowlimit>0</lowlimit>
        <uplimit>1</uplimit>
    </Parameter>


    <!-- ********************************************************************************************************************************************* -->
    <!-- third input file -->


    <!-- define number of iso ratios -->
    <Parameter fit="false">
        <name>NumberOfISOLines</name>
        <value>0</value>
        <error> </error>
        <lowlimit>0</lowlimit>
        <uplimit>10000</uplimit>
    </Parameter>


    <!-- define number of global iso ratio definitions -->
    <Parameter fit="false">
        <name>NumberOfGlobalISORatios</name>
        <value>0</value>
        <error> </error>
        <lowlimit>0</lowlimit>
        <uplimit>10000</uplimit>
    </Parameter>
</ModelParameters>
