<?xml version="1.0" encoding="UTF-8"?>
<FitControl>
    <!-- settings for fit process -->


    <!-- set number of used algorithms -->
    <NumberOfFitAlgorithms>3</NumberOfFitAlgorithms>


    <!-- define settings for 1st algorithm -->
    <algorithm>
        <FitAlgorithm>genetic</FitAlgorithm>


        <!-- special settings for genetic algorithm -->
        <!-- use new ranges: yes (defualt), no -->
        <!-- define number of chromosomes: automatic (default), > 0 -->
        <UseNewRange>no</UseNewRange>
        <NumberChromosomes>automatic</NumberChromosomes>


        <!-- set max. number of iterations -->
        <number_iterations>10</number_iterations>


        <!-- set max. number of processors -->
        <NumberProcessors>16</NumberProcessors>


        <!-- set path and name of host file -->
        <MPIHostFileName> </MPIHostFileName>


        <!-- settings for chi^2 -->
        <limit_of_chi2>1e-5</limit_of_chi2>
        <RenormalizedChi2>yes</RenormalizedChi2>
        <DeterminationChi2>default</DeterminationChi2>
        <SaveChi2>yes</SaveChi2>


        <!-- set plot options -->
        <PlotAxisX>Rest Frequency [MHz]</PlotAxisX>
        <PlotAxisY>T_mb [K]</PlotAxisY>
        <PlotIteration>no</PlotIteration>
    </algorithm>


    <!-- define settings for 2nd algorithm -->
    <algorithm>
        <FitAlgorithm>Levenberg-Marquardt</FitAlgorithm>


        <!-- set max. number of iterations -->
        <number_iterations>10</number_iterations>


        <!-- set max. number of processors -->
        <NumberProcessors>16</NumberProcessors>


        <!-- set path and name of host file -->
        <MPIHostFileName> </MPIHostFileName>


        <!-- settings for chi^2 -->
        <limit_of_chi2>1e-6</limit_of_chi2>
        <RenormalizedChi2>yes</RenormalizedChi2>
        <DeterminationChi2>default</DeterminationChi2>
        <SaveChi2>yes</SaveChi2>


        <!-- set plot options -->
        <PlotAxisX>Rest Frequency [MHz]</PlotAxisX>
        <PlotAxisY>T_mb [K]</PlotAxisY>
        <PlotIteration>no</PlotIteration>
    </algorithm>


    <!-- define settings for 3rd algorithm -->
    <algorithm>
        <FitAlgorithm>errorestim_ins</FitAlgorithm>

	<ErrorMethod>INS</ErrorMethod>

        <!-- set max. number of iterations -->
        <number_iterations>10</number_iterations>


        <!-- set max. number of processors -->
        <NumberProcessors>16</NumberProcessors>


        <!-- set path and name of host file -->
        <MPIHostFileName> </MPIHostFileName>


        <!-- settings for chi^2 -->
        <limit_of_chi2>1e-5</limit_of_chi2>
        <RenormalizedChi2>yes</RenormalizedChi2>
        <DeterminationChi2>default</DeterminationChi2>
        <SaveChi2>yes</SaveChi2>


        <!-- set plot options -->
        <PlotAxisX>Rest Frequency [MHz]</PlotAxisX>
        <PlotAxisY>T_mb [K]</PlotAxisY>
        <PlotIteration>no</PlotIteration>
    </algorithm>    
</FitControl>



