<?xml version="1.0" encoding="UTF-8"?>
<ExpFiles>


    <!-- set number of exp. data files -->
    <NumberExpFiles>10</NumberExpFiles>


    <!-- ********************************************************************************************************************************************************************* -->
    <!-- parameters for import of obs. data file 1 -->
    <file>


        <!-- define path and name of obs. data file -->
        <FileNamesExpFiles>/Users/yongxiongwang/Documents/PhD/line_Idnetification/XCLASS__1.2.5b/run/myXCLASSFit/job__12-09-2022__13-50-59__164625844/G013.dat</FileNamesExpFiles>


        <!-- define kind of obs. data file -->
        <ImportFilter>xclassASCII</ImportFilter>


        <!-- define number of frequency ranges -->
        <NumberExpRanges>1</NumberExpRanges>


        <!-- define parameters for frequency range 1 -->
        <FrequencyRange>


            <!-- define min., max., and step frequency -->
            <MinExpRange>238937.0</MinExpRange>
            <MaxExpRange>238952.0</MaxExpRange>
            <StepFrequency>1.0</StepFrequency>


            <!-- define background temperature and slope -->
            <t_back_flag>True</t_back_flag>
            <BackgroundTemperature>0.0</BackgroundTemperature>
            <TemperatureSlope>0.0</TemperatureSlope>


            <!-- define hydrogen column density, beta, and kappa -->
            <HydrogenColumnDensity>1.46e+24</HydrogenColumnDensity>
            <DustBeta>0.0</DustBeta>
            <Kappa>0.0</Kappa>
        </FrequencyRange>


        <!-- define local standard of rest (vLSR) -->
        <GlobalvLSR>0.0</GlobalvLSR>


        <!-- define size of telescope -->
        <TelescopeSize>0.8</TelescopeSize>


        <!-- define if interferrometric observation is modeled -->
        <Inter_Flag>True</Inter_Flag>


        <!-- define parameters for ASCII file import -->
        <ErrorY>False</ErrorY>
        <NumberHeaderLines>1</NumberHeaderLines>
        <SeparatorColumns> </SeparatorColumns>
    </file>


    <!-- ********************************************************************************************************************************************************************* -->
    <!-- parameters for import of obs. data file 2 -->
    <file>


        <!-- define path and name of obs. data file -->
        <FileNamesExpFiles>/Users/yongxiongwang/Documents/PhD/line_Idnetification/XCLASS__1.2.5b/run/myXCLASSFit/job__12-09-2022__13-50-59__164625844/G013.dat</FileNamesExpFiles>


        <!-- define kind of obs. data file -->
        <ImportFilter>xclassASCII</ImportFilter>


        <!-- define number of frequency ranges -->
        <NumberExpRanges>1</NumberExpRanges>


        <!-- define parameters for frequency range 1 -->
        <FrequencyRange>


            <!-- define min., max., and step frequency -->
            <MinExpRange>238951.0</MinExpRange>
            <MaxExpRange>238984.0</MaxExpRange>
            <StepFrequency>1.0</StepFrequency>


            <!-- define background temperature and slope -->
            <t_back_flag>True</t_back_flag>
            <BackgroundTemperature>0.0</BackgroundTemperature>
            <TemperatureSlope>0.0</TemperatureSlope>


            <!-- define hydrogen column density, beta, and kappa -->
            <HydrogenColumnDensity>1.46e+24</HydrogenColumnDensity>
            <DustBeta>0.0</DustBeta>
            <Kappa>0.0</Kappa>
        </FrequencyRange>


        <!-- define local standard of rest (vLSR) -->
        <GlobalvLSR>0.0</GlobalvLSR>


        <!-- define size of telescope -->
        <TelescopeSize>0.8</TelescopeSize>


        <!-- define if interferrometric observation is modeled -->
        <Inter_Flag>True</Inter_Flag>


        <!-- define parameters for ASCII file import -->
        <ErrorY>False</ErrorY>
        <NumberHeaderLines>1</NumberHeaderLines>
        <SeparatorColumns> </SeparatorColumns>
    </file>


    <!-- ********************************************************************************************************************************************************************* -->
    <!-- parameters for import of obs. data file 3 -->
    <file>


        <!-- define path and name of obs. data file -->
        <FileNamesExpFiles>/Users/yongxiongwang/Documents/PhD/line_Idnetification/XCLASS__1.2.5b/run/myXCLASSFit/job__12-09-2022__13-50-59__164625844/G013.dat</FileNamesExpFiles>


        <!-- define kind of obs. data file -->
        <ImportFilter>xclassASCII</ImportFilter>


        <!-- define number of frequency ranges -->
        <NumberExpRanges>1</NumberExpRanges>


        <!-- define parameters for frequency range 1 -->
        <FrequencyRange>


            <!-- define min., max., and step frequency -->
            <MinExpRange>238975.0</MinExpRange>
            <MaxExpRange>238985.0</MaxExpRange>
            <StepFrequency>1.0</StepFrequency>


            <!-- define background temperature and slope -->
            <t_back_flag>True</t_back_flag>
            <BackgroundTemperature>0.0</BackgroundTemperature>
            <TemperatureSlope>0.0</TemperatureSlope>


            <!-- define hydrogen column density, beta, and kappa -->
            <HydrogenColumnDensity>1.46e+24</HydrogenColumnDensity>
            <DustBeta>0.0</DustBeta>
            <Kappa>0.0</Kappa>
        </FrequencyRange>


        <!-- define local standard of rest (vLSR) -->
        <GlobalvLSR>0.0</GlobalvLSR>


        <!-- define size of telescope -->
        <TelescopeSize>0.8</TelescopeSize>


        <!-- define if interferrometric observation is modeled -->
        <Inter_Flag>True</Inter_Flag>


        <!-- define parameters for ASCII file import -->
        <ErrorY>False</ErrorY>
        <NumberHeaderLines>1</NumberHeaderLines>
        <SeparatorColumns> </SeparatorColumns>
    </file>


    <!-- ********************************************************************************************************************************************************************* -->
    <!-- parameters for import of obs. data file 4 -->
    <file>


        <!-- define path and name of obs. data file -->
        <FileNamesExpFiles>/Users/yongxiongwang/Documents/PhD/line_Idnetification/XCLASS__1.2.5b/run/myXCLASSFit/job__12-09-2022__13-50-59__164625844/G013.dat</FileNamesExpFiles>


        <!-- define kind of obs. data file -->
        <ImportFilter>xclassASCII</ImportFilter>


        <!-- define number of frequency ranges -->
        <NumberExpRanges>1</NumberExpRanges>


        <!-- define parameters for frequency range 1 -->
        <FrequencyRange>


            <!-- define min., max., and step frequency -->
            <MinExpRange>238995.0</MinExpRange>
            <MaxExpRange>239008.0</MaxExpRange>
            <StepFrequency>1.0</StepFrequency>


            <!-- define background temperature and slope -->
            <t_back_flag>True</t_back_flag>
            <BackgroundTemperature>0.0</BackgroundTemperature>
            <TemperatureSlope>0.0</TemperatureSlope>


            <!-- define hydrogen column density, beta, and kappa -->
            <HydrogenColumnDensity>1.46e+24</HydrogenColumnDensity>
            <DustBeta>0.0</DustBeta>
            <Kappa>0.0</Kappa>
        </FrequencyRange>


        <!-- define local standard of rest (vLSR) -->
        <GlobalvLSR>0.0</GlobalvLSR>


        <!-- define size of telescope -->
        <TelescopeSize>0.8</TelescopeSize>


        <!-- define if interferrometric observation is modeled -->
        <Inter_Flag>True</Inter_Flag>


        <!-- define parameters for ASCII file import -->
        <ErrorY>False</ErrorY>
        <NumberHeaderLines>1</NumberHeaderLines>
        <SeparatorColumns> </SeparatorColumns>
    </file>


    <!-- ********************************************************************************************************************************************************************* -->
    <!-- parameters for import of obs. data file 5 -->
    <file>


        <!-- define path and name of obs. data file -->
        <FileNamesExpFiles>/Users/yongxiongwang/Documents/PhD/line_Idnetification/XCLASS__1.2.5b/run/myXCLASSFit/job__12-09-2022__13-50-59__164625844/G013.dat</FileNamesExpFiles>


        <!-- define kind of obs. data file -->
        <ImportFilter>xclassASCII</ImportFilter>


        <!-- define number of frequency ranges -->
        <NumberExpRanges>1</NumberExpRanges>


        <!-- define parameters for frequency range 1 -->
        <FrequencyRange>


            <!-- define min., max., and step frequency -->
            <MinExpRange>239008.0</MinExpRange>
            <MaxExpRange>239025.0</MaxExpRange>
            <StepFrequency>1.0</StepFrequency>


            <!-- define background temperature and slope -->
            <t_back_flag>True</t_back_flag>
            <BackgroundTemperature>0.0</BackgroundTemperature>
            <TemperatureSlope>0.0</TemperatureSlope>


            <!-- define hydrogen column density, beta, and kappa -->
            <HydrogenColumnDensity>1.46e+24</HydrogenColumnDensity>
            <DustBeta>0.0</DustBeta>
            <Kappa>0.0</Kappa>
        </FrequencyRange>


        <!-- define local standard of rest (vLSR) -->
        <GlobalvLSR>0.0</GlobalvLSR>


        <!-- define size of telescope -->
        <TelescopeSize>0.8</TelescopeSize>


        <!-- define if interferrometric observation is modeled -->
        <Inter_Flag>True</Inter_Flag>


        <!-- define parameters for ASCII file import -->
        <ErrorY>False</ErrorY>
        <NumberHeaderLines>1</NumberHeaderLines>
        <SeparatorColumns> </SeparatorColumns>
    </file>


    <!-- ********************************************************************************************************************************************************************* -->
    <!-- parameters for import of obs. data file 6 -->
    <file>


        <!-- define path and name of obs. data file -->
        <FileNamesExpFiles>/Users/yongxiongwang/Documents/PhD/line_Idnetification/XCLASS__1.2.5b/run/myXCLASSFit/job__12-09-2022__13-50-59__164625844/G013.dat</FileNamesExpFiles>


        <!-- define kind of obs. data file -->
        <ImportFilter>xclassASCII</ImportFilter>


        <!-- define number of frequency ranges -->
        <NumberExpRanges>1</NumberExpRanges>


        <!-- define parameters for frequency range 1 -->
        <FrequencyRange>


            <!-- define min., max., and step frequency -->
            <MinExpRange>239009.0</MinExpRange>
            <MaxExpRange>239037.0</MaxExpRange>
            <StepFrequency>1.0</StepFrequency>


            <!-- define background temperature and slope -->
            <t_back_flag>True</t_back_flag>
            <BackgroundTemperature>0.0</BackgroundTemperature>
            <TemperatureSlope>0.0</TemperatureSlope>


            <!-- define hydrogen column density, beta, and kappa -->
            <HydrogenColumnDensity>1.46e+24</HydrogenColumnDensity>
            <DustBeta>0.0</DustBeta>
            <Kappa>0.0</Kappa>
        </FrequencyRange>


        <!-- define local standard of rest (vLSR) -->
        <GlobalvLSR>0.0</GlobalvLSR>


        <!-- define size of telescope -->
        <TelescopeSize>0.8</TelescopeSize>


        <!-- define if interferrometric observation is modeled -->
        <Inter_Flag>True</Inter_Flag>


        <!-- define parameters for ASCII file import -->
        <ErrorY>False</ErrorY>
        <NumberHeaderLines>1</NumberHeaderLines>
        <SeparatorColumns> </SeparatorColumns>
    </file>


    <!-- ********************************************************************************************************************************************************************* -->
    <!-- parameters for import of obs. data file 7 -->
    <file>


        <!-- define path and name of obs. data file -->
        <FileNamesExpFiles>/Users/yongxiongwang/Documents/PhD/line_Idnetification/XCLASS__1.2.5b/run/myXCLASSFit/job__12-09-2022__13-50-59__164625844/G013.dat</FileNamesExpFiles>


        <!-- define kind of obs. data file -->
        <ImportFilter>xclassASCII</ImportFilter>


        <!-- define number of frequency ranges -->
        <NumberExpRanges>1</NumberExpRanges>


        <!-- define parameters for frequency range 1 -->
        <FrequencyRange>


            <!-- define min., max., and step frequency -->
            <MinExpRange>239052.0</MinExpRange>
            <MaxExpRange>239075.0</MaxExpRange>
            <StepFrequency>1.0</StepFrequency>


            <!-- define background temperature and slope -->
            <t_back_flag>True</t_back_flag>
            <BackgroundTemperature>0.0</BackgroundTemperature>
            <TemperatureSlope>0.0</TemperatureSlope>


            <!-- define hydrogen column density, beta, and kappa -->
            <HydrogenColumnDensity>1.46e+24</HydrogenColumnDensity>
            <DustBeta>0.0</DustBeta>
            <Kappa>0.0</Kappa>
        </FrequencyRange>


        <!-- define local standard of rest (vLSR) -->
        <GlobalvLSR>0.0</GlobalvLSR>


        <!-- define size of telescope -->
        <TelescopeSize>0.8</TelescopeSize>


        <!-- define if interferrometric observation is modeled -->
        <Inter_Flag>True</Inter_Flag>


        <!-- define parameters for ASCII file import -->
        <ErrorY>False</ErrorY>
        <NumberHeaderLines>1</NumberHeaderLines>
        <SeparatorColumns> </SeparatorColumns>
    </file>


    <!-- ********************************************************************************************************************************************************************* -->
    <!-- parameters for import of obs. data file 8 -->
    <file>


        <!-- define path and name of obs. data file -->
        <FileNamesExpFiles>/Users/yongxiongwang/Documents/PhD/line_Idnetification/XCLASS__1.2.5b/run/myXCLASSFit/job__12-09-2022__13-50-59__164625844/G013.dat</FileNamesExpFiles>


        <!-- define kind of obs. data file -->
        <ImportFilter>xclassASCII</ImportFilter>


        <!-- define number of frequency ranges -->
        <NumberExpRanges>1</NumberExpRanges>


        <!-- define parameters for frequency range 1 -->
        <FrequencyRange>


            <!-- define min., max., and step frequency -->
            <MinExpRange>239079.0</MinExpRange>
            <MaxExpRange>239107.0</MaxExpRange>
            <StepFrequency>1.0</StepFrequency>


            <!-- define background temperature and slope -->
            <t_back_flag>True</t_back_flag>
            <BackgroundTemperature>0.0</BackgroundTemperature>
            <TemperatureSlope>0.0</TemperatureSlope>


            <!-- define hydrogen column density, beta, and kappa -->
            <HydrogenColumnDensity>1.46e+24</HydrogenColumnDensity>
            <DustBeta>0.0</DustBeta>
            <Kappa>0.0</Kappa>
        </FrequencyRange>


        <!-- define local standard of rest (vLSR) -->
        <GlobalvLSR>0.0</GlobalvLSR>


        <!-- define size of telescope -->
        <TelescopeSize>0.8</TelescopeSize>


        <!-- define if interferrometric observation is modeled -->
        <Inter_Flag>True</Inter_Flag>


        <!-- define parameters for ASCII file import -->
        <ErrorY>False</ErrorY>
        <NumberHeaderLines>1</NumberHeaderLines>
        <SeparatorColumns> </SeparatorColumns>
    </file>


    <!-- ********************************************************************************************************************************************************************* -->
    <!-- parameters for import of obs. data file 9 -->
    <file>


        <!-- define path and name of obs. data file -->
        <FileNamesExpFiles>/Users/yongxiongwang/Documents/PhD/line_Idnetification/XCLASS__1.2.5b/run/myXCLASSFit/job__12-09-2022__13-50-59__164625844/G013.dat</FileNamesExpFiles>


        <!-- define kind of obs. data file -->
        <ImportFilter>xclassASCII</ImportFilter>


        <!-- define number of frequency ranges -->
        <NumberExpRanges>1</NumberExpRanges>


        <!-- define parameters for frequency range 1 -->
        <FrequencyRange>


            <!-- define min., max., and step frequency -->
            <MinExpRange>239107.0</MinExpRange>
            <MaxExpRange>239127.0</MaxExpRange>
            <StepFrequency>1.0</StepFrequency>


            <!-- define background temperature and slope -->
            <t_back_flag>True</t_back_flag>
            <BackgroundTemperature>0.0</BackgroundTemperature>
            <TemperatureSlope>0.0</TemperatureSlope>


            <!-- define hydrogen column density, beta, and kappa -->
            <HydrogenColumnDensity>1.46e+24</HydrogenColumnDensity>
            <DustBeta>0.0</DustBeta>
            <Kappa>0.0</Kappa>
        </FrequencyRange>


        <!-- define local standard of rest (vLSR) -->
        <GlobalvLSR>0.0</GlobalvLSR>


        <!-- define size of telescope -->
        <TelescopeSize>0.8</TelescopeSize>


        <!-- define if interferrometric observation is modeled -->
        <Inter_Flag>True</Inter_Flag>


        <!-- define parameters for ASCII file import -->
        <ErrorY>False</ErrorY>
        <NumberHeaderLines>1</NumberHeaderLines>
        <SeparatorColumns> </SeparatorColumns>
    </file>


    <!-- ********************************************************************************************************************************************************************* -->
    <!-- parameters for import of obs. data file 10 -->
    <file>


        <!-- define path and name of obs. data file -->
        <FileNamesExpFiles>/Users/yongxiongwang/Documents/PhD/line_Idnetification/XCLASS__1.2.5b/run/myXCLASSFit/job__12-09-2022__13-50-59__164625844/G013.dat</FileNamesExpFiles>


        <!-- define kind of obs. data file -->
        <ImportFilter>xclassASCII</ImportFilter>


        <!-- define number of frequency ranges -->
        <NumberExpRanges>1</NumberExpRanges>


        <!-- define parameters for frequency range 1 -->
        <FrequencyRange>


            <!-- define min., max., and step frequency -->
            <MinExpRange>239127.0</MinExpRange>
            <MaxExpRange>239152.0</MaxExpRange>
            <StepFrequency>1.0</StepFrequency>


            <!-- define background temperature and slope -->
            <t_back_flag>True</t_back_flag>
            <BackgroundTemperature>0.0</BackgroundTemperature>
            <TemperatureSlope>0.0</TemperatureSlope>


            <!-- define hydrogen column density, beta, and kappa -->
            <HydrogenColumnDensity>1.46e+24</HydrogenColumnDensity>
            <DustBeta>0.0</DustBeta>
            <Kappa>0.0</Kappa>
        </FrequencyRange>


        <!-- define local standard of rest (vLSR) -->
        <GlobalvLSR>0.0</GlobalvLSR>


        <!-- define size of telescope -->
        <TelescopeSize>0.8</TelescopeSize>


        <!-- define if interferrometric observation is modeled -->
        <Inter_Flag>True</Inter_Flag>


        <!-- define parameters for ASCII file import -->
        <ErrorY>False</ErrorY>
        <NumberHeaderLines>1</NumberHeaderLines>
        <SeparatorColumns> </SeparatorColumns>
    </file>


    <!-- ***************************************** -->
    <!-- parameters for isotopologues -->
    <iso_flag>False</iso_flag>
    <IsoTableFileName></IsoTableFileName>


    <!-- ************************************************************************************************************* -->
    <!-- define path and name of database file -->
    <dbFilename>/Users/yongxiongwang/Documents/PhD/line_Idnetification/XCLASS__1.2.5b/Database/cdms_sqlite.db</dbFilename>
</ExpFiles>

