<?xml version="1.0" encoding="UTF-8"?>
<ioControl>
    <title>io control</title>
    <description>This xml-file contains the paths and the names of all files which are used by MAGIX</description>
    <PathFilename>

        <experimental_data>
            <filename>/Users/yongxiongwang/Documents/PhD/line_Idnetification/XCLASS__1.2.5b/run/myXCLASSFit/job__20-06-2022__18-10-20__582202458/myxclassfit_observation_CH3CN_V8.xml</filename>
            <description>path and name of the experimental file</description>
        </experimental_data>

        <parameter_file>
            <filename>/Users/yongxiongwang/Documents/PhD/line_Idnetification/XCLASS__1.2.5b/run/myXCLASSFit/job__20-06-2022__18-10-20__582202458/myxclassfit_molecules_CH3CN_V8.molfit</filename>
            <description>path and name of the xml-file including the start values of each parameter</description>
        </parameter_file>

        <fit_control>
            <filename>/Users/yongxiongwang/Documents/PhD/line_Idnetification/XCLASS__1.2.5b/run/myXCLASSFit/job__20-06-2022__18-10-20__582202458/algorithm_control.xml</filename>
            <description>path and name of the xml file controlling the fitting process</description>
        </fit_control>

        <fit_log>
            <filename>/Users/yongxiongwang/Documents/PhD/line_Idnetification/XCLASS__1.2.5b/run/myXCLASSFit/job__20-06-2022__18-10-20__582202458/fit.log</filename>
            <description>path and name of log file describing the fitting process</description>
        </fit_log>

        <model_description>
            <filename>/Users/yongxiongwang/Documents/PhD/line_Idnetification/XCLASS__1.2.5b/programs/MAGIX/Fit-Functions/myXCLASS/xml/myNewXCLASS.xml</filename>
            <description>path and name of the xml-description of the input/output file of the fit function module</description>
        </model_description>

    </PathFilename>
</ioControl>

